sku_id,class,height,length,width,volumn,number,weight
0,A,68,77,76,0.39793600000000007,358,461.68698469657994
1,A,42,70,45,0.13229999999999997,364,89.54858758030662
2,A,25,57,96,0.1368,129,182.73611671612235
3,A,44,41,88,0.158752,446,163.2437945277766
4,A,38,45,49,0.08379000000000002,225,25.432543888624465
5,A,5,63,41,0.012915000000000001,164,22.268215729591912
6,A,6,43,70,0.01806,472,20.529249272366453
7,A,22,64,40,0.05632000000000001,224,66.62689200877303
8,A,39,43,93,0.155961,380,53.91547094157458
9,A,10,34,13,0.00442,326,3.052000508963501
10,A,81,114,120,1.10808,345,663.6176625435072
11,A,14,17,19,0.004522000000000001,218,6.882440318714318
12,A,70,74,86,0.44548000000000004,266,421.37657045096097
13,A,28,100,27,0.0756,135,94.98166402101126
14,A,69,111,90,0.68931,295,470.2601341658336
15,A,83,81,84,0.5647319999999999,478,252.5795465350262
16,A,12,54,11,0.007128,268,5.8531325844142525
17,A,21,61,33,0.042273,177,10.935983302001263
18,A,6,11,13,0.0008579999999999998,421,1.086792415166577
19,A,55,84,101,0.46662,125,433.0183380407008
20,A,60,64,71,0.27264,456,308.4177723670247
21,A,28,68,33,0.06283200000000001,381,36.49835236112282
22,A,39,58,44,0.099528,165,168.9626161091286
23,A,9,26,14,0.0032759999999999994,324,4.660235225416012
24,A,16,13,33,0.006864,313,8.02037251541107
25,A,20,17,25,0.0085,474,3.526153389769889
26,A,59,62,81,0.29629799999999995,141,210.40253539397094
27,A,6,12,46,0.003312,258,0.7382607003462943
28,A,15,13,55,0.010725,238,4.016550976527967
29,A,10,67,40,0.0268,426,26.949326653005652
30,A,15,77,25,0.028874999999999998,205,31.98252735168047
31,A,16,23,37,0.013616,307,22.896856441906966
32,A,12,62,48,0.035711999999999994,342,19.630211801327913
33,A,51,65,89,0.29503499999999994,213,176.58229284900486
34,A,25,27,43,0.029025000000000002,403,20.71042475398069
35,A,50,57,54,0.15389999999999998,416,63.062736507408296
36,A,34,42,65,0.09282,352,32.280705661853816
37,A,33,57,48,0.09028800000000001,148,65.09907291526179
38,A,28,50,43,0.060200000000000004,418,26.904868035192457
39,A,31,51,98,0.15493800000000002,465,152.61733893316932
40,A,52,85,71,0.31382,263,211.7739091922995
41,A,50,62,53,0.1643,347,209.88895459355163
42,A,22,24,26,0.013728,328,14.180428600371377
43,A,29,43,55,0.068585,454,36.711911888428865
44,A,22,35,48,0.03696,208,47.182066673476385
45,A,9,24,24,0.005183999999999999,150,6.322037596168361
46,A,6,18,79,0.008532000000000001,228,5.269246868673592
47,A,13,37,29,0.013949,212,7.112509419103406
48,A,14,22,44,0.013552,338,13.615749288924537
49,A,9,6,27,0.001458,313,0.5231861812471659
50,A,30,60,35,0.063,266,26.462264670859415
51,A,5,40,35,0.007000000000000001,209,0.8461982528667368
52,A,19,96,23,0.041951999999999996,383,49.69842857545048
53,A,8,51,27,0.011016000000000001,183,10.767283114744686
54,A,33,60,50,0.099,395,103.04852151156432
55,A,37,69,53,0.135309,404,158.70138933354474
56,A,8,35,33,0.009240000000000002,202,6.474459856171351
57,A,6,11,19,0.001254,128,1.0533992049859828
58,A,59,84,90,0.44603999999999994,435,160.0781541941797
59,A,25,48,20,0.024,234,7.90999720629315
60,A,66,80,64,0.33792,339,332.12655957422237
61,A,48,71,65,0.22152000000000002,309,158.47690163145356
62,A,8,20,50,0.008,448,6.682615481915742
63,A,37,99,86,0.315018,438,360.29457105476837
64,A,19,45,95,0.081225,125,75.73764868980248
65,A,36,38,34,0.046512000000000005,456,38.131321279845324
66,A,45,86,49,0.18963000000000002,441,156.8769883522913
67,A,9,12,23,0.002484,348,1.3074269599920336
68,A,28,41,67,0.076916,292,15.000787253825443
69,A,22,25,19,0.01045,360,7.046587704708229
70,A,10,11,32,0.0035200000000000006,186,1.529771019451338
71,A,36,67,33,0.07959599999999999,194,51.06468990232618
72,A,39,80,44,0.13728,335,181.71746278233852
73,A,39,37,37,0.053390999999999994,243,24.239638255038404
74,A,29,67,69,0.13406700000000002,362,33.446817002095266
75,A,35,49,86,0.14748999999999998,451,74.1346057010849
76,A,18,31,43,0.023994,396,12.366909098781582
77,A,8,12,21,0.0020159999999999996,389,1.9614782202089633
78,A,24,28,70,0.04704,148,38.77928934270671
79,A,10,41,10,0.004100000000000001,360,4.83340916543841
80,A,33,40,68,0.08976,364,87.6598706078051
81,A,47,91,67,0.286559,245,183.13731092487848
82,A,17,27,72,0.03304800000000001,333,40.92183052783366
83,A,20,26,27,0.014040000000000002,468,5.441597443924911
84,A,24,33,39,0.030887999999999995,298,5.390047783881784
85,A,29,25,29,0.021025000000000002,348,6.263485529518362
86,A,42,86,60,0.21671999999999997,177,231.73446548239073
87,A,35,31,60,0.06509999999999999,185,45.847303541631625
88,A,38,65,47,0.11609,398,44.319094295039356
89,A,66,70,113,0.5220600000000001,345,392.7488736986758
90,A,47,55,46,0.11890999999999999,122,44.28415861755868
91,A,38,51,70,0.13566,261,139.2704465460494
92,A,57,57,71,0.23067899999999997,472,158.12324464214385
93,A,24,39,25,0.023399999999999997,165,14.281460450867977
94,A,19,81,18,0.027702,250,14.509220684771218
95,A,42,44,57,0.105336,463,97.53906120048114
96,A,72,70,82,0.41328000000000004,456,243.38916678490787
97,A,62,77,72,0.34372800000000003,124,101.25658426100168
98,A,27,82,35,0.07749,156,25.86569620825434
99,A,47,72,44,0.148896,462,246.4543333128889
100,A,12,41,27,0.013284,168,19.47344545908315
101,B,39,47,63,0.11547900000000003,104,119.1809048590937
102,B,9,26,51,0.011933999999999998,102,5.806665838582292
103,B,23,35,55,0.044275,93,74.81977334427802
104,B,41,63,47,0.12140099999999998,61,141.9370416333951
105,B,31,46,31,0.044206,69,46.865353370463524
106,B,24,26,41,0.025584000000000003,72,17.63448882018911
107,B,14,19,28,0.007448,118,3.672957957817796
108,B,16,50,13,0.0104,47,3.1874901524469768
109,B,10,73,53,0.03869000000000001,112,56.051998522350736
110,B,30,50,38,0.057,93,39.72530415335608
111,B,38,99,75,0.28215,51,119.1976389563154
112,B,34,67,59,0.13440200000000002,67,71.02674943987985
113,B,15,28,62,0.02604,82,22.243625890960296
114,B,45,49,64,0.14112,91,56.073097933121915
115,B,12,28,56,0.018816,75,25.046874639101475
116,B,41,77,102,0.322014,52,364.52076304914107
117,B,48,79,72,0.27302400000000004,115,290.6172195019653
118,B,29,39,36,0.040716,54,27.23428231363792
119,B,22,18,30,0.01188,77,10.949435038351075
120,B,38,45,46,0.07866000000000001,79,67.71613156117166
121,B,22,86,31,0.05865200000000001,48,55.999931784827034
122,B,5,5,32,0.0008,99,0.23205540730191263
123,B,9,34,28,0.008568,109,5.568625941655981
124,B,52,70,54,0.19655999999999998,43,42.95385602694542
125,B,22,36,41,0.032472,58,24.143495464067815
126,B,31,38,32,0.03769599999999999,96,20.884665652330096
127,B,28,56,47,0.07369600000000001,61,26.830243901574825
128,B,56,84,88,0.41395200000000004,47,130.66597683494683
129,B,15,81,33,0.040095,105,34.711788967709815
130,B,11,10,18,0.00198,115,0.7746115747261851
131,B,48,67,53,0.170448,49,258.51031040008195
132,B,49,84,62,0.255192,63,218.6280806715537
133,B,14,19,23,0.006118,51,3.502533656989195
134,B,12,62,10,0.0074399999999999996,99,6.474631668850504
135,B,15,11,38,0.00627,87,1.0957096270871491
136,B,51,78,63,0.250614,90,411.11309665487727
137,B,8,9,24,0.0017280000000000002,85,1.2598668071067065
138,B,43,41,50,0.08814999999999999,112,103.72379229161184
139,B,61,59,61,0.219539,104,63.143788954556946
140,B,18,43,26,0.020124,34,14.779998611707184
141,B,28,77,64,0.137984,46,102.03183778244048
142,B,71,96,67,0.456672,63,712.210460234294
143,B,27,38,58,0.05950800000000001,76,50.22803437211622
144,B,16,64,11,0.011264000000000001,63,8.091114970810429
145,B,55,51,81,0.22720500000000002,108,110.80903224351155
146,B,47,48,79,0.178224,35,99.06979007826313
147,B,10,7,10,0.0007000000000000001,90,0.5439649358224204
148,B,5,26,6,0.0007800000000000001,107,0.527981223641121
149,B,42,63,41,0.10848599999999997,83,18.599988129242384
150,B,6,13,46,0.003588,111,4.534566167438256
151,B,5,18,5,0.00045000000000000004,63,0.6438640510361043
152,B,39,58,37,0.083694,36,30.07849330619544
153,B,7,5,52,0.0018200000000000002,107,1.493165745615021
154,B,38,48,98,0.178752,108,57.59721168136954
155,B,17,18,47,0.014382,57,14.220313807393815
156,B,31,30,35,0.03255,76,16.355893062166928
157,B,27,48,42,0.05443200000000001,50,52.75410194022902
158,B,22,73,47,0.075482,99,81.30033751842419
159,B,63,113,70,0.49833,73,573.2789301829546
160,B,41,50,48,0.0984,52,31.603132847044037
161,B,6,48,76,0.021888,59,32.57150216003459
162,B,33,50,62,0.1023,53,46.06033452643324
163,B,55,101,115,0.638825,63,134.02154641647067
164,B,5,17,5,0.00042500000000000003,89,0.3491378524240133
165,B,23,23,81,0.042849000000000005,99,25.66775184913115
166,B,17,16,12,0.0032640000000000004,93,4.149406045963825
167,B,87,96,86,0.7182719999999999,72,880.9823575535898
168,B,81,85,94,0.64719,35,349.72052671657696
169,B,42,37,41,0.06371399999999999,91,103.00351525519584
170,B,34,46,41,0.06412400000000001,82,32.87044557295928
171,B,54,75,95,0.38475000000000004,96,296.2384573231
172,B,11,9,31,0.0030689999999999997,66,1.4620394140547728
173,B,17,38,32,0.020672000000000003,94,32.1097442175322
174,B,55,116,99,0.63162,56,243.28664075113852
175,B,23,60,64,0.08832000000000001,106,19.87868506850304
176,B,59,96,120,0.6796800000000001,61,457.02312587346336
177,B,46,58,76,0.20276799999999998,87,374.2622057525758
178,B,30,41,82,0.10085999999999999,46,143.08511648323545
179,B,63,108,94,0.6395760000000001,83,712.7234107645401
180,B,44,48,65,0.13727999999999999,101,194.42710771419274
181,B,29,46,36,0.048024,49,68.35823929945684
182,B,23,19,28,0.012236,61,9.480218729932288
183,B,41,81,100,0.3321,34,179.02686402776564
184,B,18,16,70,0.02016,93,23.317084064663582
185,B,6,30,5,0.0009,41,0.8753110492049588
186,B,49,63,75,0.23152500000000004,80,139.3959459932214
187,B,15,43,28,0.01806,116,5.488728859745481
188,B,24,51,90,0.11016,104,122.40663321846738
189,B,34,31,77,0.08115800000000001,76,39.20374940684158
190,B,6,6,38,0.001368,114,2.128597262011872
191,B,40,77,36,0.11087999999999999,79,51.12825961659387
192,B,55,75,66,0.27225,96,92.41572637747554
193,B,21,37,42,0.032633999999999996,55,41.57903215730317
194,B,17,30,19,0.00969,77,3.6186802235839948
195,B,6,57,24,0.008208,92,3.2814478822173325
196,B,17,28,27,0.012852,40,11.335454283667305
197,B,17,19,66,0.021318,98,29.29961130651636
198,B,30,31,60,0.05579999999999999,31,23.24683886568197
199,B,5,68,18,0.006120000000000001,84,3.2625834094501465
200,B,15,66,37,0.03663,91,42.73384705055138
201,B,64,62,91,0.361088,38,615.1199231940695
202,B,59,97,81,0.4635629999999999,53,348.56529712812585
203,B,16,11,53,0.009328000000000001,103,3.389653602221994
204,B,36,60,76,0.16415999999999997,100,24.21803285177116
205,B,13,20,40,0.0104,85,4.6767354471431455
206,B,16,43,45,0.03096,93,10.83438290301473
207,B,50,54,89,0.2403,34,239.61552649133222
208,B,72,93,93,0.622728,117,210.70537665252732
209,B,25,36,56,0.0504,112,38.25015589155364
210,B,21,52,51,0.055692000000000005,38,56.99081218432305
211,B,13,14,45,0.008190000000000001,91,7.017156397242234
212,B,49,98,52,0.24970399999999998,115,104.85197725790118
213,B,6,40,8,0.00192,52,2.339041945407226
214,B,32,39,32,0.039936,44,42.24029733363727
215,B,14,22,35,0.010780000000000001,32,11.831864310585035
216,B,32,29,38,0.035264,81,12.309843281200722
217,B,50,66,45,0.14850000000000002,97,50.582577547798294
218,B,42,44,50,0.0924,88,140.87307101448724
219,B,29,48,33,0.045936,34,28.89516740777509
220,B,39,41,55,0.08794500000000001,104,46.00979164667563
221,B,19,60,38,0.04332,36,31.919144149809078
222,B,40,37,37,0.05476000000000001,98,53.35792252096781
223,B,26,77,84,0.168168,84,273.76135878790046
224,B,8,5,23,0.00092,59,0.4672910103269778
225,B,19,27,53,0.027189,30,41.20892987737482
226,B,12,50,29,0.0174,93,3.136452886177048
227,B,63,85,62,0.33201,67,272.8983947701338
228,B,30,32,40,0.0384,71,35.76411257110476
229,B,6,9,20,0.0010800000000000002,106,0.34434726519988906
230,B,14,27,36,0.013608,100,4.891889682707911
231,B,14,53,53,0.039326,91,25.709748435502167
232,B,15,26,17,0.0066300000000000005,97,11.107991115568124
233,B,5,24,5,0.0006000000000000002,72,0.5264088746077838
234,B,30,32,43,0.041280000000000004,50,63.68968661678415
235,B,45,64,65,0.18720000000000003,90,228.1449225307466
236,B,47,74,83,0.288674,34,205.21939986102873
237,B,9,51,59,0.027081,72,31.9698179692572
238,B,38,37,38,0.053428,102,8.566328222618932
239,B,6,7,5,0.00020999999999999998,31,0.06781529726568887
240,B,44,79,57,0.19813199999999997,92,251.725012372988
241,B,14,66,12,0.011088,98,13.34776055038419
242,B,43,82,69,0.24329399999999995,50,110.13733878690172
243,B,10,78,53,0.04134,62,32.66032747244802
244,B,19,47,35,0.031255,52,27.85737078358645
245,B,37,59,63,0.137529,103,186.7118640882801
246,B,49,95,52,0.24206,38,214.75760830455644
247,B,36,50,43,0.0774,108,50.01581528468629
248,B,28,33,57,0.052668,93,31.741147360620637
249,B,14,25,9,0.0031500000000000005,117,2.084118455929815
250,B,38,53,38,0.076532,104,73.30990034403574
251,B,7,63,21,0.009261,38,12.56731938105975
252,B,64,115,65,0.47840000000000005,54,332.33831578394546
253,B,35,53,34,0.06306999999999999,111,29.52259448890512
254,B,42,74,67,0.20823599999999998,91,95.11227437887428
255,B,47,51,45,0.107865,114,119.70982471120303
256,B,24,59,20,0.028319999999999998,79,35.21567277480069
257,B,34,64,38,0.08268800000000001,79,26.299147753583746
258,B,8,63,19,0.009576,103,2.5197783258859
259,B,37,58,35,0.07511,119,65.72986408459022
260,B,37,73,56,0.151256,45,55.33749047258638
261,B,36,56,34,0.068544,107,86.39102421200234
262,B,13,30,70,0.027300000000000005,117,14.554000285697514
263,B,7,11,8,0.000616,105,0.2238278970635911
264,B,18,22,34,0.013463999999999999,47,20.242312198034856
265,B,19,35,32,0.02128,79,8.216593915679043
266,B,25,41,42,0.04305,92,21.7885252387955
267,B,13,30,47,0.018330000000000003,80,6.851604047004086
268,B,7,7,22,0.0010780000000000002,102,0.3565511992147309
269,B,30,37,55,0.06105000000000001,112,10.38702198582517
270,B,34,51,65,0.11271,49,27.550963738466283
271,B,7,7,11,0.0005390000000000001,31,0.21303603544010954
272,B,27,32,120,0.10368000000000001,103,24.97389376236934
273,B,20,24,86,0.04128000000000001,64,35.936779296534844
274,B,12,14,51,0.008568,85,8.584420557349388
275,B,12,20,56,0.01344,119,8.393901813527744
276,B,32,38,44,0.053503999999999996,33,28.960576547130476
277,B,16,27,33,0.014256,67,10.787037920576024
278,B,40,44,65,0.11440000000000002,42,157.358635260145
279,B,11,41,34,0.015334,46,20.217574413432338
280,B,13,17,19,0.004199,87,0.9332480721886491
281,B,26,54,48,0.06739200000000001,45,27.089033380933945
282,B,20,23,17,0.00782,79,3.5724553124448852
283,B,43,50,120,0.258,61,121.17478796916917
284,B,44,56,46,0.113344,115,95.59283188398976
285,B,9,19,10,0.0017100000000000001,82,1.1122846865516447
286,B,23,40,69,0.06348000000000001,59,14.8128354371276
287,B,25,37,94,0.08695,44,52.346391348086605
288,B,24,43,42,0.043343999999999994,93,33.85291206591272
289,B,67,103,120,0.8281200000000001,116,259.55090662570217
290,B,22,35,31,0.02387,55,30.5335656481397
291,B,12,50,32,0.0192,95,4.5757211348011255
292,B,11,14,25,0.00385,52,5.8356561591227605
293,B,38,53,62,0.124868,88,38.71981666331885
294,B,23,39,41,0.036777000000000004,31,47.86147748463486
295,B,56,62,91,0.31595200000000007,39,457.7797050768658
296,B,56,120,85,0.5712,47,998.1909734921846
297,B,30,82,63,0.15497999999999998,48,188.15723031822432
298,B,32,39,99,0.123552,102,144.62060819209665
299,B,68,101,71,0.48762800000000006,75,460.2478363775718
300,B,5,5,39,0.0009750000000000001,42,1.1403792479567991
301,C,17,12,41,0.008364,8,2.9528078005744884
302,C,30,27,65,0.05265,13,41.956388565178074
303,C,44,72,67,0.21225599999999997,21,163.20213540512916
304,C,52,86,71,0.317512,19,423.3658924160274
305,C,10,10,79,0.0079,3,5.572425616446339
306,C,36,100,51,0.18359999999999999,21,112.89439650659868
307,C,29,45,33,0.04306499999999999,24,40.46155036568871
308,C,17,13,33,0.007292999999999999,8,3.552979402233269
309,C,72,98,89,0.627984,2,225.3557365763709
310,C,34,30,31,0.03162,13,22.882387971737142
311,C,43,40,55,0.09459999999999999,10,61.60198647700801
312,C,5,6,6,0.00018,29,0.08147177907469194
313,C,17,34,20,0.01156,9,6.880922989036202
314,C,25,20,59,0.029500000000000002,7,17.52279483763679
315,C,67,100,94,0.6298,2,347.32131080833716
316,C,47,116,71,0.38709199999999994,22,235.57332590757002
317,C,56,70,86,0.33712000000000003,22,340.42637672692456
318,C,53,76,80,0.32223999999999997,12,167.20074250647005
319,C,53,76,62,0.249736,10,399.714027586921
320,C,5,9,17,0.0007650000000000002,20,1.1391799411120231
321,C,16,73,120,0.14016,24,101.94970198687844
322,C,11,18,60,0.01188,25,6.5626462603409506
323,C,32,38,35,0.04256,27,33.88080971040152
324,C,17,17,36,0.010404,19,13.656498399581649
325,C,45,66,88,0.26136,6,250.61329815992138
326,C,39,49,36,0.068796,10,83.84750553498769
327,C,30,39,90,0.10529999999999999,1,83.45677969749204
328,C,40,51,86,0.17544,16,163.1266565132144
329,C,9,46,46,0.019044,8,9.706979858033266
330,C,18,69,29,0.036018,1,39.27875602058947
331,C,34,54,41,0.07527600000000001,19,31.80431472589772
332,C,29,47,42,0.05724599999999999,12,58.6300567589838
333,C,22,21,24,0.011088,24,14.866690598393921
334,C,48,83,103,0.41035199999999994,1,143.73270601816614
335,C,36,51,39,0.07160399999999999,29,64.6673480116207
336,C,20,31,42,0.02604,11,7.935960139282509
337,C,32,103,98,0.323008,10,347.2087661179474
338,C,41,38,79,0.123082,14,35.71085829265318
339,C,22,57,39,0.048906,13,75.94780416159529
340,C,15,35,13,0.006825,25,2.431315430964404
341,C,14,16,26,0.005824,18,9.56195382345843
342,C,19,73,17,0.023579000000000003,27,28.573299483221632
343,C,25,40,48,0.04800000000000001,8,41.95549255906108
344,C,27,33,101,0.089991,29,105.87110351364137
345,C,62,120,70,0.5208,16,625.2068990333039
346,C,20,38,30,0.0228,21,36.24378548798064
347,C,7,23,12,0.001932,17,0.9152819154335563
348,C,41,43,84,0.148092,4,128.7048979425586
349,C,49,65,50,0.15925,12,48.52315841755003
350,C,47,55,58,0.14992999999999998,13,135.78676969404472
351,C,14,28,51,0.019992000000000003,25,7.8351777721068805
352,C,18,43,67,0.051857999999999994,3,43.298556907965796
353,C,48,50,49,0.1176,21,99.37241764790957
354,C,68,110,118,0.8826400000000001,27,625.9813886265032
355,C,64,120,100,0.768,11,598.7288038160923
356,C,42,74,49,0.15229199999999998,4,173.88241108511318
357,C,49,76,71,0.26440400000000003,15,319.55157087941154
358,C,89,93,120,0.99324,9,736.2271542809815
359,C,10,27,14,0.0037800000000000004,2,3.3350683438826243
360,C,33,39,47,0.06048900000000001,26,92.96023273627748
361,C,24,26,21,0.013104,25,4.40116065627623
362,C,59,67,66,0.260898,29,86.80256129821042
363,C,18,29,62,0.032364,17,9.536567055737633
364,C,10,56,31,0.01736,10,16.783947831535823
365,C,48,98,64,0.301056,11,196.64174752057
366,C,38,76,89,0.257032,3,298.3841034625817
367,C,61,81,120,0.59292,14,585.3323362353913
368,C,37,67,38,0.094202,29,52.57496643921622
369,C,7,15,21,0.002205,7,3.1683355971916844
370,C,11,24,43,0.011352,13,12.932705737719179
371,C,12,25,23,0.0069,21,3.3905295924628525
372,C,48,83,52,0.207168,24,122.55100246927336
373,C,64,113,102,0.7376640000000001,8,396.48405717746914
374,C,5,5,50,0.00125,1,0.4724732273777198
375,C,57,78,66,0.293436,21,107.86355884307504
376,C,16,78,20,0.02496,19,38.777594485908054
377,C,76,115,100,0.8740000000000001,12,590.5720579992951
378,C,13,61,12,0.009516000000000002,6,5.832371002500859
379,C,18,17,29,0.008874,14,9.598495104756523
380,C,10,16,25,0.004,13,3.276168273257901
381,C,26,77,33,0.066066,28,102.64233684331944
382,C,28,32,43,0.03852800000000001,18,45.15771645728007
383,C,16,54,14,0.012096,10,8.775568705056568
384,C,12,37,44,0.019535999999999998,8,11.821146537982228
385,C,44,67,51,0.150348,1,269.99054319433696
386,C,13,16,38,0.007904,18,8.39091375885434
387,C,9,15,22,0.002969999999999999,23,4.781042747317654
388,C,18,16,27,0.007776,7,2.599997297342671
389,C,8,5,15,0.0006,25,0.790267683074775
390,C,34,46,58,0.09071200000000001,12,84.8964796867884
391,C,22,105,112,0.25872,7,87.56743575252005
392,C,20,39,33,0.025740000000000002,9,22.305835698489503
393,C,56,63,85,0.29988,9,302.98796717192204
394,C,20,30,77,0.0462,7,6.543438658166361
395,C,60,68,109,0.44471999999999995,19,309.16509738709635
396,C,21,38,47,0.037506,18,47.32978904560642
397,C,15,47,17,0.011984999999999999,3,6.199514947288636
398,C,31,45,37,0.051614999999999994,10,36.14380240903333
399,C,9,32,25,0.0072,28,4.902602501909416
400,C,54,50,78,0.2106,11,110.39645587678561
401,C,26,38,24,0.023712000000000004,25,35.462681763683136
402,C,25,70,66,0.11549999999999999,10,135.5909448701837
403,C,5,25,26,0.0032500000000000003,3,1.0553726041308638
404,C,12,51,12,0.007344000000000001,12,13.981605398594315
405,C,45,55,41,0.101475,29,140.65262025236936
406,C,28,84,26,0.061152000000000005,1,30.89851853661779
407,C,62,88,93,0.507408,16,652.8513644428865
408,C,24,25,82,0.0492,9,15.719498628036087
409,C,32,92,28,0.082432,5,160.50737644877086
410,C,20,64,71,0.09088000000000002,26,88.94381404343433
411,C,5,20,58,0.0058,16,5.5401519188185535
412,C,25,38,33,0.03135,8,9.356306153899173
413,C,10,35,42,0.014700000000000001,11,21.068123570456887
414,C,8,9,9,0.0006479999999999999,11,0.12356363061062893
415,C,26,46,29,0.034684000000000006,3,15.988248345831249
416,C,31,46,83,0.118358,4,42.89647571514624
417,C,31,78,102,0.246636,26,287.4404008865911
418,C,63,120,65,0.49139999999999995,20,205.57935105761325
419,C,14,61,31,0.026474,8,38.969107996890905
420,C,14,33,71,0.032802,7,31.63467264879305
421,C,5,37,10,0.0018500000000000003,21,0.3831387677615923
422,C,26,64,34,0.056575999999999994,28,6.272908687936824
423,C,18,45,14,0.011340000000000001,13,2.696280258366778
424,C,48,55,72,0.19008000000000003,28,169.39278132304906
425,C,23,56,50,0.0644,26,78.11688290592244
426,C,28,76,38,0.080864,9,37.08944413222462
427,C,24,55,34,0.04488,6,58.99691536040857
428,C,39,58,42,0.095004,26,23.526605385552294
429,C,29,36,83,0.08665199999999999,16,105.01954220416597
430,C,34,58,97,0.19128400000000004,9,291.77794392135525
431,C,27,35,30,0.028350000000000004,11,32.79468229730908
432,C,53,120,85,0.5406,2,556.5496763585993
433,C,23,71,30,0.048990000000000006,27,63.1487743067658
434,C,22,24,40,0.02112,24,4.552190149731399
435,C,17,16,23,0.006256,3,2.6393267096474733
436,C,6,41,19,0.004674,26,1.5984792764158908
437,C,46,49,49,0.110446,17,83.57144923203764
438,C,20,75,38,0.057,26,63.17680287795835
439,C,24,34,49,0.039984,20,37.00867525328106
440,C,17,35,49,0.029155,25,38.44025320652815
441,C,25,51,99,0.126225,5,47.39411696831258
442,C,53,55,67,0.19530500000000003,21,212.89509235318363
443,C,45,50,78,0.17550000000000002,22,72.52897040966918
444,C,33,54,44,0.07840799999999999,12,38.54635690952301
445,C,74,84,90,0.5594399999999999,14,586.6477818717403
446,C,61,90,73,0.40076999999999996,10,701.9415420976576
447,C,5,11,57,0.0031350000000000006,25,2.8186740300841526
448,C,21,23,28,0.013524000000000001,8,3.2844907194868163
449,C,24,32,36,0.027647999999999995,28,25.04554989694041
450,C,8,32,13,0.0033280000000000002,28,0.7322016126965026
451,C,48,76,84,0.306432,27,428.63098044837994
452,C,30,36,32,0.034559999999999994,19,36.22229714342122
453,C,35,60,76,0.1596,29,62.841500066907905
454,C,7,11,46,0.003542,9,1.0633051897913552
455,C,48,97,87,0.405072,27,163.62874260262763
456,C,8,59,26,0.012272,12,21.48053909411776
457,C,37,79,33,0.09645900000000002,7,67.54761397402298
458,C,23,55,34,0.04301,26,50.71857623128533
459,C,38,61,92,0.213256,17,199.3762417096186
460,C,9,9,41,0.003321,28,2.8061789081708763
461,C,39,76,67,0.198588,27,72.42987364173057
462,C,5,20,26,0.0026,14,4.133037467801467
463,C,17,67,17,0.019363000000000002,11,10.138112522810697
464,C,86,108,109,1.012392,14,863.1391582387414
465,C,5,7,6,0.00021000000000000004,26,0.21675525041934982
466,C,36,34,54,0.066096,24,63.04684687462708
467,C,29,73,76,0.16089199999999998,24,252.51715523002193
468,C,54,56,69,0.208656,2,76.84627437497281
469,C,13,20,34,0.00884,12,6.731455843065143
470,C,25,67,31,0.051925,22,33.04492261615095
471,C,24,46,36,0.039744,23,28.581636309675687
472,C,16,42,49,0.032928,11,11.039019600862517
473,C,57,63,109,0.391419,7,137.98381567515244
474,C,25,71,58,0.10295,3,51.39251456532378
475,C,46,60,47,0.12972,3,68.38037812087298
476,C,45,46,48,0.09936,8,65.97333046441453
477,C,6,20,78,0.00936,29,8.408190108166451
478,C,26,34,35,0.03094,22,28.845740693991182
479,C,20,52,17,0.01768,12,11.409309150062338
480,C,35,39,80,0.10919999999999998,23,70.08900386085863
481,C,11,9,50,0.0049499999999999995,13,2.1662701161227527
482,C,46,60,44,0.12144000000000002,10,105.24585371549294
483,C,33,32,36,0.038016,7,20.53863498489668
484,C,35,56,66,0.12935999999999998,15,26.761791682513703
485,C,7,43,29,0.008729,25,5.699444511434601
486,C,18,55,45,0.04455,26,32.03588337159177
487,C,30,58,87,0.15138,18,67.45537154445779
488,C,31,50,52,0.0806,13,68.11027120815973
489,C,9,34,50,0.015300000000000001,21,12.791485682881296
490,C,33,81,52,0.138996,7,143.96689933346514
491,C,34,33,33,0.037026,12,35.24704319706468
492,C,56,52,73,0.21257600000000004,19,203.78608026700502
493,C,5,5,65,0.0016250000000000001,12,0.8764919092912985
494,C,53,89,88,0.41509599999999997,21,492.1469648707983
495,C,9,6,5,0.00027000000000000006,1,0.21977163111457462
496,C,54,111,67,0.40159800000000007,11,268.3049672355643
497,C,19,28,29,0.015428000000000002,4,14.190609989696274
498,C,26,55,72,0.10296000000000001,26,60.503839151254155
499,C,13,45,11,0.006435000000000001,19,4.935737489111167
500,C,42,66,55,0.15246,21,166.73721208389983
501,C,30,30,32,0.0288,21,40.45437059586408
502,C,31,56,97,0.16839200000000001,7,253.2131108881324
503,C,74,80,94,0.5564800000000001,3,420.44634644832587
504,C,24,45,32,0.034559999999999994,11,26.838814608983014
505,C,13,29,19,0.007162999999999999,12,8.665850527116097
506,C,8,13,34,0.0035359999999999996,27,1.9005908224161392
507,C,15,18,23,0.0062099999999999985,26,7.996635572135135
508,C,14,10,22,0.0030800000000000007,14,2.2906102528216943
509,C,61,67,72,0.29426399999999997,8,97.45959550648368
510,C,15,22,25,0.00825,15,2.2420733897954594
511,C,20,73,46,0.06716000000000001,2,87.1652053248067
512,C,21,34,20,0.01428,17,3.49493983798935
513,C,57,58,90,0.2975399999999999,2,149.3165864719756
514,C,50,62,63,0.1953,6,109.10268846527582
515,C,71,77,68,0.371756,29,146.32735343892568
516,C,7,26,15,0.0027300000000000007,26,1.4657453254565012
517,C,40,70,60,0.168,1,185.47357577533543
518,C,34,39,47,0.062322000000000016,8,9.35485305658085
519,C,67,77,71,0.36628900000000003,23,463.60639413174505
520,C,26,70,33,0.06006,25,79.93944853960336
521,C,39,96,82,0.30700799999999995,15,184.36448570458376
522,C,70,95,66,0.4389,19,164.05699997944848
523,C,18,45,33,0.02673,5,23.630254999259133
524,C,22,68,53,0.07928800000000001,28,26.62420009514162
525,C,59,89,105,0.551355,5,326.60040811943117
526,C,17,48,68,0.055488,9,90.99254120386048
527,C,36,41,73,0.10774800000000001,9,202.67858597928517
528,C,16,26,42,0.017471999999999998,18,20.2111278538037
529,C,22,29,36,0.022968,15,12.259866867317033
530,C,37,37,79,0.108151,13,109.53964892492857
531,C,22,46,58,0.058696,28,61.11933512031493
532,C,43,49,95,0.200165,12,123.7012522537487
533,C,45,42,54,0.10206000000000001,4,96.0892388231989
534,C,50,54,77,0.20790000000000003,24,28.184265356259193
535,C,32,30,57,0.054720000000000005,26,23.480120441584326
536,C,21,38,85,0.06783,20,53.09318211771063
537,C,35,81,102,0.28917,18,111.12966374412878
538,C,42,68,40,0.11424,11,44.153622050409055
539,C,18,29,42,0.021923999999999996,26,28.179921504714354
540,C,87,116,120,1.2110400000000001,26,2000.0
541,C,23,22,87,0.044022000000000006,26,36.229238572802636
542,C,38,58,40,0.08815999999999999,26,113.85054065252965
543,C,52,61,94,0.29816800000000004,8,544.5230082683584
544,C,18,24,22,0.009504,8,3.429693760154385
545,C,28,29,63,0.05115600000000001,4,35.19279975109279
546,C,50,48,60,0.144,26,89.7619866104836
547,C,60,106,120,0.7631999999999999,10,216.54914109075696
548,C,37,52,69,0.13275599999999999,28,149.5217023038099
549,C,25,52,43,0.0559,5,37.50115190790562
550,C,5,54,28,0.007560000000000001,23,5.392245195408495
551,C,86,120,119,1.22808,17,455.22209452050794
552,C,58,104,111,0.6695519999999999,2,268.7609193154418
553,C,48,74,52,0.18470399999999998,7,269.96986094869465
554,C,48,52,89,0.222144,20,49.88580808178384
555,C,28,69,32,0.061824000000000004,12,28.00044004102795
556,C,34,83,80,0.22576000000000002,11,115.99666910127165
557,C,28,31,95,0.08246000000000002,16,60.92281359066433
558,C,22,49,28,0.030184,20,26.08169877672532
559,C,44,71,110,0.34364000000000006,3,255.2033915339216
560,C,14,14,21,0.004116000000000001,15,1.1919983742312577
561,C,36,75,48,0.12960000000000002,22,60.114929592273896
562,C,55,72,74,0.29304,7,381.37016740633607
563,C,20,87,27,0.04698,11,44.00359538780588
564,C,56,69,120,0.46368000000000004,8,442.23127647001564
565,C,9,8,10,0.0007199999999999999,25,0.7096467339919156
566,C,58,66,120,0.45935999999999994,24,523.6323228682512
567,C,50,61,91,0.27754999999999996,9,69.15040920633999
568,C,16,38,14,0.008511999999999999,27,5.058108326838594
569,C,30,46,45,0.06209999999999999,25,49.76609958793351
570,C,18,22,27,0.010692,12,6.023142655894305
571,C,28,42,55,0.06468000000000002,15,84.3051025815869
572,C,96,120,112,1.29024,8,941.1267405640913
573,C,27,31,29,0.024273000000000003,21,27.922776967221107
574,C,42,50,50,0.105,12,138.65316930429532
575,C,32,69,36,0.07948800000000002,15,60.17236569360242
576,C,20,31,26,0.016120000000000002,19,23.676698540370726
577,C,5,60,5,0.0015,21,1.2975341596876617
578,C,7,26,29,0.0052780000000000014,2,6.948595350670653
579,C,44,56,59,0.145376,6,82.23209680571387
580,C,11,9,42,0.004157999999999999,20,3.1165193575278947
581,C,27,25,62,0.041850000000000005,22,33.09787151084632
582,C,15,51,29,0.022185,15,7.047568094195562
583,C,35,45,77,0.12127499999999998,12,76.42023914623628
584,C,24,33,43,0.034055999999999996,22,50.816833442403535
585,C,24,54,33,0.042768,12,39.63648237471519
586,C,32,63,32,0.064512,21,25.679876448828715
587,C,5,43,6,0.0012900000000000001,4,0.7272571007395506
588,C,14,35,13,0.00637,27,2.62352824488108
589,C,30,88,36,0.09504000000000001,12,17.122465490455244
590,C,13,19,35,0.008645000000000002,2,13.177274747980048
591,C,26,22,77,0.04404400000000001,22,30.298090391057617
592,C,59,59,120,0.41772,16,221.44977466355226
593,C,5,5,19,0.000475,18,0.41834975688622944
594,C,70,81,120,0.6803999999999999,12,82.09360130748804
595,C,33,64,55,0.11616,4,57.98047824109569
596,C,24,19,97,0.044231999999999994,1,45.88772824135854
597,C,40,40,55,0.08800000000000001,24,81.93305013270029
598,C,17,58,34,0.033524000000000005,10,59.06073947551929
599,C,13,40,46,0.023920000000000004,27,21.806907306959086
600,C,23,19,28,0.012236,19,8.849250411717106
601,C,9,8,42,0.003024,2,3.439056547543085
602,C,6,13,9,0.0007019999999999999,13,1.0184639011453847
603,C,43,58,64,0.159616,2,170.22991716541523
604,C,17,41,71,0.049487,20,82.20812994480606
605,C,15,27,44,0.01782,29,20.94369715182053
606,C,19,35,66,0.043890000000000005,4,59.486110990752195
607,C,56,90,64,0.32256,14,106.14248650330163
608,C,38,45,55,0.09405000000000001,12,102.16537344524517
609,C,25,29,34,0.02465,12,16.719793171085207
610,C,28,32,49,0.043904000000000006,11,35.9656456214064
611,C,42,38,38,0.060648,8,58.29208324234015
612,C,10,36,44,0.01584,15,26.818982049793735
613,C,22,32,32,0.022528000000000003,25,40.11438237534798
614,C,9,6,31,0.0016740000000000001,18,0.8533873198311808
615,C,55,71,75,0.29287500000000005,24,318.8174382564152
616,C,31,89,69,0.19037099999999998,17,212.60534973216403
617,C,34,61,51,0.105774,25,60.5116808084231
618,C,14,25,32,0.011200000000000002,5,3.8165070645548407
619,C,27,28,27,0.020412,28,4.432904046436279
620,C,35,60,52,0.1092,29,127.38394916856575
621,C,23,45,49,0.050714999999999996,17,37.43786192381109
622,C,20,68,16,0.02176,5,38.89812932606885
623,C,6,36,42,0.009072,14,6.422909937924994
624,C,9,26,60,0.014039999999999999,9,24.39469321446232
625,C,53,61,57,0.18428099999999997,24,118.87090986498018
626,C,23,44,59,0.059708000000000004,18,71.51128924294102
627,C,25,23,58,0.03335,3,9.69156498384471
628,C,28,63,25,0.0441,29,36.26376374917255
629,C,57,95,78,0.42237,18,512.8169769088487
630,C,18,26,38,0.017783999999999998,21,26.948155588138203
631,C,28,37,65,0.06734000000000001,4,84.57882470825483
632,C,52,51,74,0.196248,15,40.98589989209652
633,C,21,64,69,0.092736,19,55.73540670673214
634,C,16,79,47,0.059408,8,13.801035210092534
635,C,21,38,17,0.013566,10,4.383213188777457
636,C,37,36,61,0.08125200000000002,17,80.72369293476498
637,C,5,21,5,0.0005250000000000001,3,0.553428138048726
638,C,25,44,35,0.0385,12,44.65103006070868
639,C,9,8,24,0.0017280000000000002,29,2.3364272530072263
640,C,14,43,19,0.011438000000000002,25,12.562920349206626
641,C,31,98,65,0.19747,19,239.2914662450209
642,C,41,63,77,0.19889099999999998,2,46.3028540324236
643,C,7,13,32,0.0029120000000000005,29,1.3238054029187074
644,C,10,50,6,0.0030000000000000005,22,2.74160921256779
645,C,10,41,22,0.009020000000000002,9,12.038824804033807
646,C,50,70,89,0.3115,18,32.838214413320685
647,C,64,97,73,0.45318400000000003,6,348.6834351884022
648,C,20,29,24,0.013920000000000004,18,13.872313017447336
649,C,20,49,73,0.07153999999999999,28,13.746499658453224
650,C,27,67,43,0.07778700000000001,14,49.265302550265446
651,C,48,46,79,0.174432,2,249.32778023385444
652,C,13,63,38,0.031122,19,30.742016487067747
653,C,50,46,64,0.1472,27,67.38219140982126
654,C,9,5,43,0.0019349999999999999,5,2.5585854226445663
655,C,65,69,65,0.291525,24,167.26728275116315
656,C,54,77,110,0.45738000000000006,26,605.3720525940031
657,C,24,53,53,0.06741599999999999,13,35.127045125079505
658,C,62,79,118,0.577964,29,502.49609851395036
659,C,18,25,30,0.013499999999999998,26,8.482118407408837
660,C,33,28,57,0.052668,24,26.114051382383696
661,C,42,45,54,0.10205999999999998,26,143.40155561094736
662,C,11,13,40,0.00572,13,2.3333221855765345
663,C,31,28,66,0.057288000000000006,16,16.647363128024416
664,C,48,66,51,0.16156799999999996,1,91.6260279289907
665,C,8,28,28,0.006272000000000001,9,6.657114500860119
666,C,108,120,120,1.5552000000000004,25,1904.9309934496775
667,C,55,66,96,0.34848000000000007,25,675.1397935487025
668,C,83,88,104,0.7596159999999998,2,393.73063513097287
669,C,24,39,26,0.024335999999999997,12,15.596330894756088
670,C,31,56,57,0.09895200000000001,25,35.18557654090995
671,C,15,96,41,0.05904,4,50.08397316931339
672,C,39,78,52,0.158184,8,302.6230175482834
673,C,60,58,82,0.28536,2,295.0481719893366
674,C,54,83,77,0.34511400000000003,21,302.38742841966297
675,C,53,118,112,0.7004480000000001,2,436.46064069132916
676,C,55,83,80,0.3652,11,542.6616704516226
677,C,42,70,66,0.19404,24,144.97798515872603
678,C,65,61,120,0.4758,2,167.876050058638
679,C,67,97,72,0.4679280000000001,29,277.41974876772326
680,C,26,64,41,0.068224,9,18.018347390893066
681,C,39,75,42,0.12285,16,51.852766393743366
682,C,62,91,58,0.327236,15,52.29663848097937
683,C,11,61,67,0.044957,20,31.197909151423296
684,C,20,44,21,0.01848,18,17.226731215111826
685,C,77,114,76,0.667128,24,379.32395722430005
686,C,60,65,73,0.2847,7,186.54371424629622
687,C,77,120,112,1.03488,25,1700.5716275021243
688,C,48,102,80,0.3916800000000001,16,438.79844266245374
689,C,28,49,48,0.06585600000000001,10,52.89011780193773
690,C,25,20,44,0.022000000000000002,5,11.13055346813496
691,C,14,19,72,0.019152000000000002,9,27.44682616939865
692,C,19,45,24,0.02052,11,9.340106555015241
693,C,15,27,30,0.012150000000000001,3,6.672319227288529
694,C,56,53,114,0.338352,10,496.48024931536304
695,C,16,21,35,0.01176,23,9.272291464111767
696,C,71,78,75,0.41534999999999994,26,458.2794855096045
697,C,32,34,59,0.064192,27,55.84771480850022
698,C,29,45,28,0.036539999999999996,28,35.08420348895603
699,C,47,52,92,0.22484799999999996,1,117.26113059202103
700,C,16,46,21,0.015456,21,7.1332608690742765
701,C,59,60,99,0.35046,10,191.3863666786961
702,C,11,91,68,0.068068,26,25.574022987661706
703,C,8,12,48,0.004608,4,6.330423524567369
704,C,50,78,66,0.2574,1,129.87987381750702
705,C,52,95,68,0.33592,29,278.92083779222946
706,C,52,73,57,0.216372,17,258.42821265992137
707,C,10,7,31,0.00217,26,2.5578647547827935
708,C,27,30,29,0.023490000000000007,10,15.885815116531212
709,C,10,111,12,0.013320000000000004,18,9.612906938817543
710,C,22,21,38,0.017556,27,32.85480470555156
711,C,42,58,54,0.131544,22,130.54438885235666
712,C,44,66,52,0.151008,8,187.17761218467226
713,C,25,67,67,0.112225,9,162.57018764892453
714,C,19,47,17,0.015180999999999998,18,18.00351245669634
715,C,74,73,77,0.415954,14,168.6941046496162
716,C,60,76,72,0.32832,23,272.90887208256447
717,C,20,28,69,0.03864000000000001,13,12.121739620579545
718,C,9,9,25,0.002025,24,1.9427513296132957
719,C,15,51,11,0.008415,1,13.689166388817238
720,C,31,33,62,0.063426,17,48.64807740791003
721,C,42,91,87,0.332514,23,222.75615193077894
722,C,11,35,25,0.009625,4,1.9866528578887352
723,C,28,53,58,0.08607200000000001,15,141.65172720284687
724,C,9,14,5,0.00063,22,0.19853833344051586
725,C,69,100,69,0.47609999999999997,16,103.52364972099889
726,C,21,52,26,0.028392,20,13.23885192121751
727,C,45,44,53,0.10493999999999999,8,27.439892504420946
728,C,21,21,43,0.018963,27,13.201037843897304
729,C,20,19,26,0.009880000000000002,2,7.620032427108411
730,C,33,82,53,0.14341800000000002,13,76.79928581650807
731,C,21,27,30,0.01701,15,4.022786532189582
732,C,18,19,56,0.019152,18,6.243248450476296
733,C,30,46,62,0.08556,20,52.5538939511152
734,C,51,88,56,0.25132800000000005,9,63.64888103555238
735,C,13,31,48,0.019344,11,19.91686251436239
736,C,12,42,72,0.036288,27,15.497664669125774
737,C,8,43,10,0.00344,11,1.8037712465883853
738,C,45,61,58,0.15920999999999996,22,99.5234699506202
739,C,25,36,63,0.0567,3,36.903778700931504
740,C,57,64,88,0.321024,9,26.858953379409517
741,C,13,29,30,0.01131,28,3.6934466531383947
742,C,18,41,21,0.015498000000000001,28,20.854876137181794
743,C,41,71,39,0.11352899999999998,8,8.969897065011502
744,C,21,66,45,0.06237,21,47.47875247368859
745,C,18,39,14,0.009828,29,7.252636700804622
746,C,23,18,83,0.034362000000000004,6,19.157530024817667
747,C,30,77,60,0.1386,2,92.58294279311399
748,C,45,63,120,0.34020000000000006,22,398.9193236451026
749,C,19,58,46,0.050691999999999994,23,65.70300930409304
750,C,7,94,6,0.003948,21,1.8985311714940376
751,C,17,67,36,0.041004000000000006,17,22.392219333708827
752,C,48,51,56,0.137088,13,63.42338528868499
753,C,50,81,78,0.3159,26,229.37437249883868
754,C,18,81,16,0.023328,9,23.465645594414433
755,C,60,59,98,0.34692,25,155.51550119067102
756,C,49,76,45,0.16757999999999998,5,93.00229102624614
757,C,14,13,61,0.011102000000000002,19,17.029943979715938
758,C,58,71,56,0.230608,5,53.516600358402236
759,C,36,37,73,0.09723600000000002,10,68.3497923678285
760,C,17,77,14,0.018326000000000002,21,19.267019934765802
761,C,53,72,108,0.4121280000000001,21,152.6706700593311
762,C,40,60,35,0.084,26,19.304304539461558
763,C,41,81,53,0.17601300000000003,13,62.85847084357454
764,C,66,80,90,0.4752,20,711.2503718258876
765,C,38,38,66,0.095304,8,12.341598922010256
766,C,7,18,11,0.0013860000000000003,12,0.5663712126046886
767,C,27,51,73,0.10052100000000001,4,19.714158967294644
768,C,62,61,80,0.30256,27,98.26574687508557
769,C,19,36,22,0.015048,2,13.714164796909095
770,C,60,85,72,0.36719999999999997,23,169.5696937468175
771,C,13,52,49,0.033124,13,27.84617659665056
772,C,70,111,116,0.9013199999999999,24,783.4744652150574
773,C,36,47,47,0.079524,24,104.54291170629548
774,C,13,42,56,0.030576000000000002,5,3.2681419463593873
775,C,6,54,13,0.004212,3,5.575095590099591
776,C,34,74,48,0.12076799999999999,8,109.88511702607761
777,C,21,40,34,0.028560000000000002,23,10.94634272553055
778,C,11,8,53,0.004664000000000001,28,5.402376422794668
779,C,6,33,36,0.007127999999999999,13,9.469791411130325
780,C,22,47,25,0.025849999999999998,2,12.269657521288083
781,C,53,80,86,0.3646400000000001,19,545.7375529744904
782,C,31,50,58,0.08990000000000001,9,62.512612904430064
783,C,9,13,10,0.00117,5,1.0385540867462366
784,C,28,39,60,0.06552000000000001,28,116.70122753482295
785,C,16,24,31,0.011904,23,7.006873734178575
786,C,29,35,61,0.061914999999999984,25,76.55746806886678
787,C,7,55,5,0.0019250000000000003,6,1.042801631649382
788,C,49,61,116,0.34672400000000003,16,419.0199928043596
789,C,23,41,52,0.049035999999999996,14,43.34224021922868
790,C,41,39,65,0.103935,16,45.35307057461146
791,C,39,48,50,0.09359999999999999,22,60.64121865918783
792,C,16,17,47,0.012784,11,6.914848029627823
793,C,77,89,114,0.781242,8,219.44101181632462
794,C,31,28,43,0.037324,23,7.192196251227947
795,C,25,47,54,0.06344999999999999,24,36.29778572905226
796,C,7,25,14,0.0024500000000000004,28,0.4017441804717175
797,C,13,19,14,0.0034580000000000006,29,1.3350421483237507
798,C,32,50,61,0.09759999999999999,2,104.82492757256853
799,C,21,22,50,0.0231,17,24.15486086530938
800,C,21,61,74,0.094794,17,103.97746114227265
801,C,47,47,47,0.10382299999999998,6,56.10417285000787
802,C,78,104,120,0.9734400000000001,15,1376.6574149563712
803,C,23,55,41,0.051864999999999994,12,45.344459134417384
804,C,34,29,42,0.041412000000000004,1,14.215898640578294
805,C,26,24,54,0.033696000000000004,26,12.238050796421447
806,C,41,85,44,0.15334,7,156.6305403522728
807,C,9,23,55,0.011385000000000001,23,4.480693242607148
808,C,43,52,48,0.10732799999999999,12,81.58456771484285
809,C,21,42,35,0.03087,6,56.79466501135305
810,C,34,30,57,0.05814,23,5.947666544441869
811,C,21,23,19,0.009177000000000001,16,1.4350565743312935
812,C,65,94,65,0.39714999999999995,11,735.9634039884071
813,C,5,19,25,0.0023750000000000004,21,2.0463289183442908
814,C,15,60,50,0.045,8,15.493772802342052
815,C,22,77,30,0.050820000000000004,28,72.87313545734008
816,C,11,6,13,0.000858,6,1.1918375097178278
817,C,49,92,85,0.38317999999999997,23,305.41903273457325
818,C,40,119,52,0.24752000000000002,1,226.1634470824718
819,C,18,18,20,0.006479999999999999,4,3.2019376447736807
820,C,42,73,89,0.272874,15,64.31287707246723
821,C,39,69,53,0.142623,24,124.83797719055133
822,C,13,18,39,0.009125999999999999,22,4.714835391356558
823,C,27,27,76,0.05540400000000001,22,54.049249653166044
824,C,90,120,94,1.0152,13,1304.75207742965
825,C,14,40,34,0.019040000000000005,5,3.071740500757468
826,C,30,77,59,0.13629,19,119.51152310625213
827,C,28,71,61,0.12126800000000001,29,54.7308705470469
828,C,27,40,89,0.09612000000000002,28,131.94678969902685
829,C,30,47,45,0.06344999999999999,21,30.07757151321301
830,C,6,15,11,0.00099,2,0.8890230615004662
831,C,30,82,33,0.08117999999999999,20,66.54859410716435
832,C,15,19,11,0.003135,2,1.9669792145679583
833,C,12,10,69,0.008280000000000001,5,8.255926874156394
834,C,6,70,28,0.011760000000000001,24,12.642166931697568
835,C,11,47,33,0.017061,5,14.290438036307744
836,C,34,67,30,0.06834,20,77.34912558299072
837,C,15,14,47,0.00987,25,17.494955235396134
838,C,7,67,30,0.014070000000000001,19,9.200974338468665
839,C,28,89,24,0.059808,25,46.01324942945224
840,C,27,50,70,0.09450000000000001,8,13.442947264590709
841,C,67,98,75,0.49245000000000005,9,592.0523824396091
842,C,33,39,33,0.04247100000000001,9,32.97994748626782
843,C,13,36,51,0.023867999999999997,17,15.296935104489165
844,C,6,16,47,0.0045119999999999995,15,1.368874514132206
845,C,18,52,24,0.022463999999999994,28,31.747316878177664
846,C,8,19,86,0.013071999999999999,29,8.184492418046537
847,C,29,65,39,0.07351499999999998,27,73.87073917120057
848,C,45,98,72,0.31751999999999997,7,117.25783473513418
849,C,29,28,27,0.021923999999999996,24,36.254406327678865
850,C,12,48,7,0.004032,17,1.6086842523098628
851,C,37,48,45,0.07991999999999999,27,33.540378550223295
852,C,53,70,63,0.23373000000000002,28,312.4257308007696
853,C,23,20,30,0.013800000000000002,25,20.392992598761598
854,C,9,16,27,0.003888,19,1.6802655779121403
855,C,63,66,86,0.357588,12,255.2587157570466
856,C,48,70,80,0.26880000000000004,5,292.49096516175666
857,C,33,32,41,0.043296,24,59.920156044696945
858,C,33,32,36,0.038016,22,23.11793953905441
859,C,101,119,120,1.44228,21,1114.0773201542463
860,C,17,29,69,0.034017000000000006,27,37.49732733699923
861,C,69,120,91,0.75348,12,816.8546842090731
862,C,8,29,35,0.008119999999999999,5,9.558052077368357
863,C,38,68,46,0.118864,21,100.04025591332662
864,C,16,70,41,0.04592,21,14.56616457742215
865,C,16,53,18,0.015264,20,22.173091900531617
866,C,8,9,35,0.00252,7,3.407993683700116
867,C,18,48,32,0.027648000000000002,16,33.352195012104175
868,C,17,31,20,0.01054,9,3.2786494536893005
869,C,32,37,27,0.031968,26,13.569604736549735
870,C,76,95,100,0.722,19,798.2369435321535
871,C,37,91,56,0.188552,27,33.12305410978454
872,C,12,27,15,0.00486,3,8.48266325276216
873,C,20,59,41,0.04838,13,29.31702023525804
874,C,21,16,41,0.013776,20,14.660248032462118
875,C,39,41,37,0.05916300000000001,8,83.28580714042255
876,C,30,46,36,0.04967999999999999,15,31.083795294784014
877,C,41,36,61,0.090036,10,48.8445180908773
878,C,17,30,18,0.00918,21,8.217335105713566
879,C,38,41,71,0.110618,1,94.7578170871448
880,C,24,24,69,0.039743999999999995,1,25.525610237769662
881,C,20,77,28,0.043120000000000006,20,38.175941145858985
882,C,38,81,76,0.23392800000000002,4,362.8199504659368
883,C,37,43,66,0.10500599999999999,20,74.68202059788773
884,C,6,22,7,0.0009239999999999998,5,0.3852276276163672
885,C,46,58,53,0.141404,13,85.69684271857108
886,C,10,70,86,0.060200000000000004,21,37.63022740090383
887,C,36,59,31,0.065844,20,22.98843776045212
888,C,32,38,42,0.051072,24,19.581329483122065
889,C,33,46,55,0.08349000000000001,14,84.15361385379443
890,C,45,68,57,0.17442,9,98.44981353344222
891,C,34,54,55,0.10098000000000003,6,164.08011280198085
892,C,11,40,42,0.01848,22,8.570616711028796
893,C,19,41,50,0.03895,25,12.068204227421665
894,C,43,55,53,0.12534499999999998,21,140.7669541275054
895,C,23,51,24,0.028152,2,39.15281090150228
896,C,27,61,43,0.07082100000000001,16,35.35654039309305
897,C,42,119,50,0.24989999999999998,20,105.50522344591006
898,C,48,55,83,0.21912000000000004,1,88.99202480388834
899,C,31,68,51,0.10750799999999999,26,83.72757462780565
900,C,14,18,56,0.014112000000000003,27,10.049956917618859
901,C,23,45,28,0.028979999999999995,6,13.908992017249233
902,C,45,47,44,0.09306,16,20.99308853112121
903,C,11,49,13,0.007007,25,5.101748748587486
904,C,5,49,7,0.0017150000000000002,19,2.8191058411022185
905,C,16,46,17,0.012511999999999999,2,11.996249320111101
906,C,16,26,20,0.00832,29,6.201733360589742
907,C,22,42,66,0.060984,21,19.81118690566639
908,C,53,112,76,0.451136,1,213.28839635759863
909,C,11,22,73,0.017666,22,9.127269578661588
910,C,8,62,34,0.016864,3,19.28181177037212
911,C,17,44,27,0.020196000000000002,21,27.866208418969165
912,C,24,34,52,0.042432,12,61.35814962699738
913,C,5,27,15,0.0020250000000000003,22,3.6056707814353595
914,C,13,43,39,0.021801,28,38.48847106029954
915,C,48,80,80,0.3072,10,496.76096750857874
916,C,34,86,38,0.111112,22,30.15596012838126
917,C,7,15,57,0.005985000000000001,20,2.1346465243993746
918,C,49,58,80,0.22736,24,119.79283334056885
919,C,45,56,59,0.14868,29,121.75655473370482
920,C,30,36,91,0.09827999999999999,19,30.198410820415255
921,C,31,32,43,0.042656,4,55.72479807782873
922,C,58,55,62,0.19777999999999998,25,179.28951694542548
923,C,30,40,81,0.0972,26,78.25421288440212
924,C,32,71,50,0.11359999999999999,26,43.83759204468143
925,C,25,57,42,0.059849999999999993,2,28.34601946031582
926,C,35,103,51,0.183855,17,70.00762563842628
927,C,27,54,22,0.032076,7,42.35049830468548
928,C,41,36,81,0.11955600000000001,2,102.9435901885659
929,C,15,38,26,0.01482,6,16.167681056607254
930,C,49,56,94,0.257936,3,133.60619510996008
931,C,13,16,28,0.005824,22,3.4908818726514714
932,C,19,51,41,0.039729,6,25.3207316513868
933,C,15,34,12,0.00612,8,6.944331472230546
934,C,6,48,42,0.012096,14,13.997872698621437
935,C,14,47,15,0.009870000000000002,15,4.213194987791688
936,C,6,17,52,0.005304,13,8.342758734596307
937,C,45,78,63,0.22113000000000002,26,74.51243725220957
938,C,36,54,62,0.120528,4,172.43976815339474
939,C,47,63,54,0.15989399999999998,20,49.84908198479883
940,C,21,35,29,0.021315,25,10.341920159785085
941,C,21,32,30,0.02016,23,26.36748891255227
942,C,29,62,45,0.08091000000000001,9,32.36438598475932
943,C,65,120,61,0.4758,15,308.0080691438252
944,C,45,61,92,0.25254,1,174.21992716172736
945,C,5,13,14,0.0009100000000000001,7,0.42357482883930436
946,C,81,105,120,1.0206000000000002,7,1070.8058280513867
947,C,27,35,35,0.03307500000000001,28,43.624106340243564
948,C,15,27,16,0.0064800000000000005,29,8.906369904898225
949,C,40,100,75,0.3,6,169.28159839963456
950,C,15,38,16,0.00912,13,7.206131261797404
951,C,32,36,64,0.073728,20,34.55409090204837
952,C,12,19,30,0.00684,22,3.180577908909671
953,C,68,109,85,0.6300200000000001,28,240.50807961154257
954,C,10,27,31,0.00837,28,13.119158061349799
955,C,23,42,37,0.035742,1,50.35461692099956
956,C,23,82,35,0.06601,8,77.00388978724342
957,C,16,56,29,0.025984000000000004,24,20.092334611518552
958,C,36,67,54,0.130248,17,96.29550713710778
959,C,46,44,54,0.109296,23,86.20419904292115
960,C,45,48,56,0.12096000000000001,17,96.47055176725154
961,C,13,29,9,0.0033929999999999997,5,2.279356172446984
962,C,42,51,61,0.13066199999999997,2,45.71485697836233
963,C,39,36,51,0.071604,5,24.549976287841258
964,C,87,101,98,0.8611260000000001,13,1389.8742226851296
965,C,46,62,46,0.131192,19,95.60681666865027
966,C,22,36,43,0.034055999999999996,10,55.09927582890892
967,C,22,69,22,0.033396,21,12.82832362822322
968,C,20,63,65,0.0819,14,67.23367060367866
969,C,44,62,59,0.16095199999999998,28,68.84966942455729
970,C,26,31,38,0.030628000000000002,27,14.50374466855254
971,C,47,84,82,0.32373599999999997,16,62.552588189805114
972,C,42,41,85,0.14637,13,49.02384014949211
973,C,55,120,68,0.44880000000000003,5,669.0056824028741
974,C,21,32,24,0.016128,9,8.790912451074416
975,C,21,20,58,0.02436,18,21.784438945114314
976,C,17,30,51,0.02601,1,18.416168046982555
977,C,61,59,86,0.309514,20,195.70696668609668
978,C,18,22,47,0.018611999999999997,21,14.73106576631591
979,C,35,68,57,0.13565999999999998,16,55.291747508126846
980,C,17,15,62,0.01581,12,28.638826027635634
981,C,65,118,104,0.7976800000000001,26,994.7755825972523
982,C,13,31,9,0.003627,15,3.9974420541062994
983,C,47,87,95,0.388455,5,276.80213542068054
984,C,43,72,53,0.16408799999999998,8,61.20727150936385
985,C,41,46,85,0.16030999999999998,2,240.86315334036286
986,C,5,17,8,0.00068,8,0.3852318354946188
987,C,29,36,29,0.030275999999999997,29,7.11263514915776
988,C,45,68,47,0.14382,1,81.635707628238
989,C,17,15,42,0.010710000000000003,18,12.843342227633965
990,C,29,38,60,0.06612,1,60.5021244257188
991,C,46,95,61,0.26657000000000003,3,298.1069353375077
992,C,13,9,26,0.0030419999999999996,14,3.6430767521802263
993,C,41,90,63,0.23247,12,100.42128660351375
994,C,15,55,38,0.03135,11,47.41238043136499
995,C,33,62,36,0.073656,20,49.777648177378424
996,C,80,86,100,0.688,19,645.8516202904821
997,C,42,89,50,0.18689999999999998,8,16.76409970902842
998,C,43,46,46,0.09098800000000001,2,168.88817874789686
999,C,9,15,56,0.007559999999999999,1,3.7961312183822846
